id;name;description;available;price
1;Buckinghamshire;Small online;false;21860
2;copy Directives;Kuwait Sleek backing up;false;74402
3;firewall;Cocos (Keeling) Islands visualize;true;42414
4;microchip fuchsia Pre-emptive;PCI;false;84854
5;Tunisia invoice;Egypt Money Market Account Gorgeous Wooden Pants;true;90372
6;RSS HTTP transmitting;International static Borders;false;16671
7;Taka;enhance;false;88225
8;deposit user-centric Licensed;SAS generating;true;85949
9;Refined Cotton Ball AI Borders;Planner Implementation Pre-emptive;false;3867
10;Manager;Operations alarm matrix;false;75648
