id;first_name;last_name;email;phone_number;photo_url
1;Gregorio;Goyette;Lonie52@hotmail.com;synthesize Fresh;Handcrafted
2;Orlando;Mayert;Wallace.Jerde30@hotmail.com;plug-and-play foreground strategy;Coordinator Money Market Account invoice
3;Danny;Adams;Laisha.Rempel70@yahoo.com;Gorgeous iterate;PNG Avon Auto Loan Account
4;Rigoberto;Gleason;Isai.Russel@yahoo.com;superstructure parsing Ergonomic;Maine uniform index
5;Hunter;Medhurst;Skylar13@yahoo.com;web services;Solomon Islands Dollar
6;Randi;Mitchell;Carter_Doyle@gmail.com;Mill Ergonomic online;Handmade
7;Ines;Beatty;Elbert.Ullrich@hotmail.com;Branding parsing;orange
8;Antonietta;Smith;Jaclyn29@gmail.com;Cape Verde Grocery Division;Corporate Enhanced payment
9;Bertram;Kshlerin;Wiley_Toy24@yahoo.com;migration Avon global;Electronics
10;Martine;Bartoletti;Aleen.Brown@hotmail.com;analyzing;Pants
